{
	"partitions" : [
		{
			"name" : "Top",
			"pins" : [
				{
					"name" : "HEX2[0]",
					"strict" : false
				},
				{
					"name" : "HEX2[1]",
					"strict" : false
				},
				{
					"name" : "HEX2[2]",
					"strict" : false
				},
				{
					"name" : "HEX2[3]",
					"strict" : false
				},
				{
					"name" : "HEX2[4]",
					"strict" : false
				},
				{
					"name" : "HEX2[5]",
					"strict" : false
				},
				{
					"name" : "HEX2[6]",
					"strict" : false
				},
				{
					"name" : "HEX1[0]",
					"strict" : false
				},
				{
					"name" : "HEX1[1]",
					"strict" : false
				},
				{
					"name" : "HEX1[2]",
					"strict" : false
				},
				{
					"name" : "HEX1[3]",
					"strict" : false
				},
				{
					"name" : "HEX1[4]",
					"strict" : false
				},
				{
					"name" : "HEX1[5]",
					"strict" : false
				},
				{
					"name" : "HEX1[6]",
					"strict" : false
				},
				{
					"name" : "HEX0[0]",
					"strict" : false
				},
				{
					"name" : "HEX0[1]",
					"strict" : false
				},
				{
					"name" : "HEX0[2]",
					"strict" : false
				},
				{
					"name" : "HEX0[3]",
					"strict" : false
				},
				{
					"name" : "HEX0[4]",
					"strict" : false
				},
				{
					"name" : "HEX0[5]",
					"strict" : false
				},
				{
					"name" : "HEX0[6]",
					"strict" : false
				},
				{
					"name" : "SW2[3]",
					"strict" : false
				},
				{
					"name" : "SW2[0]",
					"strict" : false
				},
				{
					"name" : "SW2[2]",
					"strict" : false
				},
				{
					"name" : "SW2[1]",
					"strict" : false
				},
				{
					"name" : "SW1[3]",
					"strict" : false
				},
				{
					"name" : "SW1[0]",
					"strict" : false
				},
				{
					"name" : "SW1[2]",
					"strict" : false
				},
				{
					"name" : "SW1[1]",
					"strict" : false
				},
				{
					"name" : "SW0[3]",
					"strict" : false
				},
				{
					"name" : "SW0[0]",
					"strict" : false
				},
				{
					"name" : "SW0[2]",
					"strict" : false
				},
				{
					"name" : "SW0[1]",
					"strict" : false
				}
			]
		}
	]
}