{
	"partitions" : [
		{
			"name" : "Top",
			"pins" : [
				{
					"name" : "hex2[0]",
					"strict" : false
				},
				{
					"name" : "hex2[1]",
					"strict" : false
				},
				{
					"name" : "hex2[2]",
					"strict" : false
				},
				{
					"name" : "hex2[3]",
					"strict" : false
				},
				{
					"name" : "hex2[4]",
					"strict" : false
				},
				{
					"name" : "hex2[5]",
					"strict" : false
				},
				{
					"name" : "hex2[6]",
					"strict" : false
				},
				{
					"name" : "hex1[0]",
					"strict" : false
				},
				{
					"name" : "hex1[1]",
					"strict" : false
				},
				{
					"name" : "hex1[2]",
					"strict" : false
				},
				{
					"name" : "hex1[3]",
					"strict" : false
				},
				{
					"name" : "hex1[4]",
					"strict" : false
				},
				{
					"name" : "hex1[5]",
					"strict" : false
				},
				{
					"name" : "hex1[6]",
					"strict" : false
				},
				{
					"name" : "overflow",
					"strict" : false
				},
				{
					"name" : "X[6]",
					"strict" : false
				},
				{
					"name" : "Y[6]",
					"strict" : false
				},
				{
					"name" : "X[3]",
					"strict" : false
				},
				{
					"name" : "Y[3]",
					"strict" : false
				},
				{
					"name" : "X[2]",
					"strict" : false
				},
				{
					"name" : "Y[2]",
					"strict" : false
				},
				{
					"name" : "Y[0]",
					"strict" : false
				},
				{
					"name" : "X[0]",
					"strict" : false
				},
				{
					"name" : "Y[1]",
					"strict" : false
				},
				{
					"name" : "X[1]",
					"strict" : false
				},
				{
					"name" : "X[4]",
					"strict" : false
				},
				{
					"name" : "Y[4]",
					"strict" : false
				},
				{
					"name" : "X[5]",
					"strict" : false
				},
				{
					"name" : "Y[5]",
					"strict" : false
				},
				{
					"name" : "X[7]",
					"strict" : false
				},
				{
					"name" : "Y[7]",
					"strict" : false
				}
			]
		}
	]
}